Workbook

Sheet Resumo
A1: Alimentos mais adquiridos no Brasil x base do Marchewski App
A2: POF 2017-2018 (IBGE) cruzada com a tabela de alimentos do app
A4: COMO ESTE RANKING FOI FEITO
A5: Não existe ranking público de 'mais vendidos' por categoria no Brasil — esse dado é
A6: proprietário (Nielsen, Kantar, ABRAS). O que existe e é oficial: a POF do IBGE, que mede
A7: a aquisição alimentar domiciliar per capita anual em kg/pessoa/ano, produto a produto.
A8: É o dado público mais próximo de 'o que o brasileiro mais compra'.
A10: Fonte: IBGE, POF 2017-2018 — SIDRA tabela 2393, variável 1207, período 2018, Brasil.
A11: https://sidra.ibge.gov.br/tabela/2393
A13: A POF traz 329 linhas de produto. 75 delas são resíduo estatístico ('Outros',
A14: 'não especificado') e não são alimento prescritível — foram excluídas. Sobraram 254.
A16: A POF tem entre 3 e 46 produtos por grupo; nenhum grupo chega a 50. Por isso a planilha
... A24: CONTAGEM
A25: Situação | B25: Qtd de produtos | C25: % do total
A26: Já no app | B26: =COUNTIF(Alimentos!$E$2:$E$255,"Já no app") | C26: =B26/$B$29
A27: Falta subir | B27: =COUNTIF(Alimentos!$E$2:$E$255,"Falta subir") | C27: =B27/$B$29
A28: Sem fonte confiável | B28: =COUNTIF(Alimentos!$E$2:$E$255,"Sem fonte") | C28: =B28/$B$29
A29: TOTAL | B29: =SUM(B26:B28) | C29: =B29/$B$29
A31: POR GRUPO DA POF
A32: Grupo | B32: Produtos | C32: Já no app | D32: Falta subir | E32: kg/pessoa/ano
A33: Bebidas e infusões | B33: =COUNTIF(Alimentos!$A$2:$A$255,$A33) | C33: =COUNTIFS(Alimentos!$A$2:$A$255,$A33,Alimentos!$E$2:$E$255,"Já no app") | D33: =COUNTIFS(Alimentos!$A$2:$A$255,$A33,Alimentos!$E$2:$E$255,"Falta subir") | E33: =SUMIF(Alimentos!$A$2:$A$255,$A33,Alimentos!$D$2:$D$255)
A34: Laticínios | B34: =COUNTIF(Alimentos!$A$2:$A$255,$A34) | C34: =COUNTIFS(Alimentos!$A$2:$A$255,$A34,Alimentos!$E$2:$E$255,"Já no app") | D34: =COUNTIFS(Alimentos!$A$2:$A$255,$A34,Alimentos!$E$2:$E$255,"Falta subir") | E34: =SUMIF(Alimentos!$A$2:$A$255,$A34,Alimentos!$D$2:$D$255)
A35: Cereais e leguminosas | B35: =COUNTIF(Alimentos!$A$2:$A$255,$A35) | C35: =COUNTIFS(Alimentos!$A$2:$A$255,$A35,Alimentos!$E$2:$E$255,"Já no app") | D35: =COUNTIFS(Alimentos!$A$2:$A$255,$A35,Alimentos!$E$2:$E$255,"Falta subir") | E35: =SUMIF(Alimentos!$A$2:$A$255,$A35,Alimentos!$D$2:$D$255)
A36: Frutas | B36: =COUNTIF(Alimentos!$A$2:$A$255,$A36) | C36: =COUNTIFS(Alimentos!$A$2:$A$255,$A36,Alimentos!$E$2:$E$255,"Já no app") | D36: =COUNTIFS(Alimentos!$A$2:$A$255,$A36,Alimentos!$E$2:$E$255,"Falta subir") | E36: =SUMIF(Alimentos!$A$2:$A$255,$A36,Alimentos!$D$2:$D$255)
A37: Hortaliças | B37: =COUNTIF(Alimentos!$A$2:$A$255,$A37) | C37: =COUNTIFS(Alimentos!$A$2:$A$255,$A37,Alimentos!$E$2:$E$255,"Já no app") | D37: =COUNTIFS(Alimentos!$A$2:$A$255,$A37,Alimentos!$E$2:$E$255,"Falta subir") | E37: =SUMIF(Alimentos!$A$2:$A$255,$A37,Alimentos!$D$2:$D$255)
A38: Panificados | B38: =COUNTIF(Alimentos!$A$2:$A$255,$A38) | C38: =COUNTIFS(Alimentos!$A$2:$A$255,$A38,Alimentos!$E$2:$E$255,"Já no app") | D38: =COUNTIFS(Alimentos!$A$2:$A$255,$A38,Alimentos!$E$2:$E$255,"Falta subir") | E38: =SUMIF(Alimentos!$A$2:$A$255,$A38,Alimentos!$D$2:$D$255)
A39: Aves e ovos | B39: =COUNTIF(Alimentos!$A$2:$A$255,$A39) | C39: =COUNTIFS(Alimentos!$A$2:$A$255,$A39,Alimentos!$E$2:$E$255,"Já no app") | D39: =COUNTIFS(Alimentos!$A$2:$A$255,$A39,Alimentos!$E$2:$E$255,"Falta subir") | E39: =SUMIF(Alimentos!$A$2:$A$255,$A39,Alimentos!$D$2:$D$255)
A40: Carnes | B40: =COUNTIF(Alimentos!$A$2:$A$255,$A40) | C40: =COUNTIFS(Alimentos!$A$2:$A$255,$A40,Alimentos!$E$2:$E$255,"Já no app") | D40: =COUNTIFS(Alimentos!$A$2:$A$255,$A40,Alimentos!$E$2:$E$255,"Falta subir") | E40: =SUMIF(Alimentos!$A$2:$A$255,$A40,Alimentos!$D$2:$D$255)
A41: Açúcares, doces e produtos de confeitaria | B41: =COUNTIF(Alimentos!$A$2:$A$255,$A41) | C41: =COUNTIFS(Alimentos!$A$2:$A$255,$A41,Alimentos!$E$2:$E$255,"Já no app") | D41: =COUNTIFS(Alimentos!$A$2:$A$255,$A41,Alimentos!$E$2:$E$255,"Falta subir") | E41: =SUMIF(Alimentos!$A$2:$A$255,$A41,Alimentos!$D$2:$D$255)
A42: Farinhas, féculas e massas | B42: =COUNTIF(Alimentos!$A$2:$A$255,$A42) | C42: =COUNTIFS(Alimentos!$A$2:$A$255,$A42,Alimentos!$E$2:$E$255,"Já no app") | D42: =COUNTIFS(Alimentos!$A$2:$A$255,$A42,Alimentos!$E$2:$E$255,"Falta subir") | E42: =SUMIF(Alimentos!$A$2:$A$255,$A42,Alimentos!$D$2:$D$255)
A43: Óleos e gorduras | B43: =COUNTIF(Alimentos!$A$2:$A$255,$A43) | C43: =COUNTIFS(Alimentos!$A$2:$A$255,$A43,Alimentos!$E$2:$E$255,"Já no app") | D43: =COUNTIFS(Alimentos!$A$2:$A$255,$A43,Alimentos!$E$2:$E$255,"Falta subir") | E43: =SUMIF(Alimentos!$A$2:$A$255,$A43,Alimentos!$D$2:$D$255)
A44: Sais e condimentos | B44: =COUNTIF(Alimentos!$A$2:$A$255,$A44) | C44: =COUNTIFS(Alimentos!$A$2:$A$255,$A44,Alimentos!$E$2:$E$255,"Já no app") | D44: =COUNTIFS(Alimentos!$A$2:$A$255,$A44,Alimentos!$E$2:$E$255,"Falta subir") | E44: =SUMIF(Alimentos!$A$2:$A$255,$A44,Alimentos!$D$2:$D$255)
... A48: Vísceras | B48: =COUNTIF(Alimentos!$A$2:$A$255,$A48) | C48: =COUNTIFS(Alimentos!$A$2:$A$255,$A48,Alimentos!$E$2:$E$255,"Já no app") | D48: =COUNTIFS(Alimentos!$A$2:$A$255,$A48,Alimentos!$E$2:$E$255,"Falta subir") | E48: =SUMIF(Alimentos!$A$2:$A$255,$A48,Alimentos!$D$2:$D$255)

Sheet Alimentos
A1: Grupo (POF) | B1: # | C1: Produto (POF/IBGE) | D1: kg/pessoa/ano | E1: Status | F1: Nome no app | G1: kcal | H1: Proteína (g) | I1: Carboidrato (g) | J1: Gordura (g) | K1: Fibra (g) | L1: Sódio (mg) | M1: Fonte do valor | N1: Observação
A2: Bebidas e infusões | B2: 1 | C2: Água mineral | D2: 25.851 | E2: Falta subir | G2: 0 | H2: 0 | I2: 0 | J2: 0 | K2: 0 | L2: 1 | M2: Água — sem valor energético
A3: Bebidas e infusões | B3: 2 | C3: Refrigerante de cola | D3: 6.764 | E3: Já no app | F3: Refrigerante, tipo cola | G3: 33.51 | H3: 0 | I3: 8.66 | J3: 0 | L3: 7.12 | M3: TACO (já no app)
A4: Bebidas e infusões | B4: 3 | C4: Cerveja | D4: 5.907 | E4: Já no app | F4: Cerveja, pilsen 2 | G4: 40.72 | H4: 0.56 | I4: 3.32 | J4: 0 | L4: 4.23 | M4: TACO (já no app)
A5: Bebidas e infusões | B5: 4 | C5: Refrigerante de guaraná | D5: 3.577 | E5: Já no app | F5: Refrigerante, tipo guaraná | G5: 38.7 | H5: 0 | I5: 10 | J5: 0 | L5: 9.01 | M5: TACO (já no app)
A6: Bebidas e infusões | B6: 5 | C6: Café moído | D6: 2.384 | E6: Já no app | F6: Café, infusão 10% | G6: 9.07 | H6: 0.71 | I6: 1.48 | J6: 0.07 | L6: 1.03 | M6: TACO (já no app)
A7: Bebidas e infusões | B7: 6 | C7: Suco de fruta envasado | D7: 2.05 | E7: Já no app | F7: Suco de uva, néctar, caixinha | G7: 41 | H7: 0 | I7: 10 | J7: 0 | K7: 0.1 | L7: 8 | M7: adicionado ao app
A8: Bebidas e infusões | B8: 7 | C8: Refrigerante de laranja | D8: 0.974 | E8: Já no app | F8: Refrigerante, tipo laranja | G8: 45.63 | H8: 0 | I8: 11.79 | J8: 0 | L8: 9.27 | M8: TACO (já no app)
A9: Bebidas e infusões | B9: 8 | C9: Refrigerante de limão | D9: 0.521 | E9: Já no app | F9: Refrigerante, tipo limão | G9: 39.72 | H9: 0 | I9: 10.26 | J9: 0 | L9: 8.8 | M9: TACO (já no app)
A10: Bebidas e infusões | B10: 9 | C10: Vinho | D10: 0.476 | E10: Já no app | F10: Vinho, tinto, de mesa | G10: 85 | H10: 0.07 | I10: 2.61 | J10: 0 | K10: 0 | L10: 4 | M10: adicionado ao app
A11: Bebidas e infusões | B11: 10 | C11: Chá-mate | D11: 0.411 | E11: Já no app | F11: Chá, mate, infusão 5% | G11: 2.73 | H11: 0 | I11: 0.64 | J11: 0.05 | L11: 0 | M11: TACO (já no app)
A12: Bebidas e infusões | B12: 11 | C12: Suco de fruta em pó | D12: 0.264 | E12: Já no app | F12: Suco de uva, néctar, caixinha | G12: 41 | H12: 0 | I12: 10 | J12: 0 | K12: 0.1 | L12: 8 | M12: adicionado ao app
A13: Bebidas e infusões | B13: 12 | C13: Refrigerante de uva | D13: 0.206 | E13: Já no app | F13: Refrigerante, tipo água tônica | G13: 30.78 | H13: 0 | I13: 7.95 | J13: 0 | L13: 8.29 | M13: TACO (já no app)
A14: Bebidas e infusões | B14: 13 | C14: Bebida energética | D14: 0.156 | E14: Já no app | F14: Bebida láctea, pêssego | G14: 55.16 | H14: 2.13 | I14: 7.57 | J14: 1.91 | K14: 0.29 | L14: 46.26 | M14: TACO (já no app)
A15: Bebidas e infusões | B15: 14 | C15: Aguardente de cana | D15: 0.146 | E15: Já no app | F15: Cana, aguardente 1 | G15: 215.66 | L15: 3.15 | M15: TACO (já no app)
A16: Bebidas e infusões | B16: 15 | C16: Café solúvel | D16: 0.078 | E16: Já no app | F16: Café, infusão 10% | G16: 9.07 | H16: 0.71 | I16: 1.48 | J16: 0.07 | L16: 1.03 | M16: TACO (já no app)
A17: Bebidas e infusões | B17: 16 | C17: Refrigerante de maçã | D17: 0.013 | E17: Já no app | F17: Refrigerante, tipo água tônica | G17: 30.78 | H17: 0 | I17: 7.95 | J17: 0 | L17: 8.29 | M17: TACO (já no app)
A18: Laticínios | B18: 1 | C18: Leite de vaca pasteurizado | D18: 20.112 | E18: Já no app | F18: Leite, condensado | G18: 312.57 | H18: 7.67 | I18: 57 | J18: 6.74 | L18: 93.8 | M18: TACO (já no app)
A19: Laticínios | B19: 2 | C19: Leite de vaca fresco | D19: 3.838 | E19: Já no app | F19: Leite, condensado | G19: 312.57 | H19: 7.67 | I19: 57 | J19: 6.74 | L19: 93.8 | M19: TACO (já no app)
A20: Laticínios | B20: 3 | C20: Iogurte | D20: 1.554 | E20: Já no app | F20: Iogurte, natural | G20: 51.49 | H20: 4.06 | I20: 1.92 | J20: 3.04 | L20: 51.62 | M20: TACO (já no app)
A21: Laticínios | B21: 4 | C21: Leite em pó integral | D21: 0.947 | E21: Já no app | F21: Leite, de vaca, integral | G21: 64 | H21: 2.9 | I21: 5.9 | J21: 3.2 | L21: 63.76 | M21: TACO (já no app)
A22: Laticínios | B22: 5 | C22: Leite fermentado | D22: 0.946 | E22: Já no app | F22: Leite, fermentado | G22: 69.62 | H22: 1.89 | I22: 15.67 | J22: 0.1 | L22: 33.43 | M22: TACO (já no app)
A23: Laticínios | B23: 6 | C23: Queijo mozarela | D23: 0.809 | E23: Já no app | F23: Queijo, mozarela | G23: 329.87 | H23: 22.65 | I23: 3.05 | J23: 25.18 | L23: 581.36 | M23: TACO (já no app)
A24: Laticínios | B24: 7 | C24: Leite condensado | D24: 0.737 | E24: Já no app | F24: Leite, condensado | G24: 312.57 | H24: 7.67 | I24: 57 | J24: 6.74 | L24: 93.8 | M24: TACO (já no app)
A25: Laticínios | B25: 8 | C25: Queijo minas | D25: 0.565 | E25: Já no app | F25: Queijo, minas, frescal | G25: 264.27 | H25: 17.41 | I25: 3.24 | J25: 20.18 | L25: 31.23 | M25: TACO (já no app)
A26: Laticínios | B26: 9 | C26: Creme de leite | D26: 0.469 | E26: Já no app | F26: Creme de Leite | G26: 221.48 | H26: 1.51 | I26: 4.51 | J26: 22.48 | L26: 51.72 | M26: TACO (já no app)
A27: Laticínios | B27: 10 | C27: Manteiga | D27: 0.351 | E27: Já no app | F27: Couve, manteiga, crua | G27: 27.06 | H27: 2.87 | I27: 4.33 | J27: 0.55 | K27: 3.12 | L27: 6.17 | M27: TACO (já no app)
A28: Laticínios | B28: 11 | C28: Requeijão | D28: 0.285 | E28: Já no app | F28: Requeijão, light, Tirol | G28: 177 | H28: 11 | I28: 3.3 | J28: 13.3 | K28: 0 | L28: 560 | M28: adicionado ao app
A29: Laticínios | B29: 12 | C29: Queijo prato | D29: 0.267 | E29: Já no app | F29: Queijo, prato | G29: 359.88 | H29: 22.66 | I29: 1.88 | J29: 29.11 | L29: 579.77 | M29: TACO (já no app)
A30: Laticínios | B30: 13 | C30: Queijo parmezão | D30: 0.074 | E30: Já no app | F30: Queijo, minas, frescal | G30: 264.27 | H30: 17.41 | I30: 3.24 | J30: 20.18 | L30: 31.23 | M30: TACO (já no app)
A31: Laticínios | B31: 14 | C31: Leite em pó desengordurado | D31: 0.058 | E31: Já no app | F31: Leite, condensado | G31: 312.57 | H31: 7.67 | I31: 57 | J31: 6.74 | L31: 93.8 | M31: TACO (já no app)
A32: Cereais e leguminosas | B32: 1 | C32: Arroz polido | D32: 18.224 | E32: Já no app | F32: Arroz, integral, cozido | G32: 123.53 | H32: 2.59 | I32: 25.81 | J32: 1 | K32: 2.75 | L32: 1.24 | M32: TACO (já no app)
A33: Cereais e leguminosas | B33: 2 | C33: Feijão-rajado | D33: 2.615 | E33: Já no app | F33: Feijão, rajado, cozido | G33: 84.7 | H33: 5.54 | I33: 15.27 | J33: 0.4 | K33: 9.32 | L33: 0.69 | M33: TACO (já no app)
A34: Cereais e leguminosas | B34: 3 | C34: Feijão-preto | D34: 1.297 | E34: Já no app | F34: Feijão, preto, cozido | G34: 77.03 | H34: 4.48 | I34: 14.01 | J34: 0.54 | K34: 8.4 | L34: 1.85 | M34: TACO (já no app)
A35: Cereais e leguminosas | B35: 4 | C35: Milho em grão | D35: 0.733 | E35: Já no app | F35: Milho, amido, cru | G35: 361.37 | H35: 0.6 | I35: 87.15 | J35: 0 | K35: 0.74 | L35: 8.08 | M35: TACO (já no app)
A36: Cereais e leguminosas | B36: 5 | C36: Feijão-mulatinho | D36: 0.692 | E36: Já no app | F36: Feijão, broto, cru | G36: 38.72 | H36: 4.17 | I36: 7.76 | J36: 0.1 | K36: 1.97 | L36: 1.79 | M36: TACO (já no app)
A37: Cereais e leguminosas | B37: 6 | C37: Feijão-fradinho | D37: 0.495 | E37: Já no app | F37: Feijão, fradinho, cozido | G37: 78.01 | H37: 5.09 | I37: 13.5 | J37: 0.64 | K37: 7.47 | L37: 0.98 | M37: TACO (já no app)
A38: Cereais e leguminosas | B38: 7 | C38: Milho verde em espiga | D38: 0.306 | E38: Já no app | F38: Milho, verde, cru | G38: 138.17 | H38: 6.59 | I38: 28.56 | J38: 0.61 | K38: 3.92 | L38: 1.12 | M38: TACO (já no app)
A39: Cereais e leguminosas | B39: 8 | C39: Milho verde em conserva | D39: 0.212 | E39: Já no app | F39: Milho, verde, cru | G39: 138.17 | H39: 6.59 | I39: 28.56 | J39: 0.61 | K39: 3.92 | L39: 1.12 | M39: TACO (já no app)
A40: Cereais e leguminosas | B40: 9 | C40: Feijão-jalo | D40: 0.08 | E40: Já no app | F40: Feijão, jalo, cozido | G40: 92.74 | H40: 6.14 | I40: 16.5 | J40: 0.51 | K40: 13.87 | L40: 0.52 | M40: TACO (já no app)
A41: Cereais e leguminosas | B41: 10 | C41: Feijão-manteiga | D41: 0.047 | E41: Já no app | F41: Feijão, broto, cru | G41: 38.72 | H41: 4.17 | I41: 7.76 | J41: 0.1 | K41: 1.97 | L41: 1.79 | M41: TACO (já no app)
A42: Cereais e leguminosas | B42: 11 | C42: Feijão-roxo | D42: 0.02 | E42: Já no app | F42: Feijão, roxo, cozido | G42: 76.89 | H42: 5.72 | I42: 12.91 | J42: 0.54 | K42: 11.51 | L42: 1.46 | M42: TACO (já no app)
A43: Frutas | B43: 1 | C43: Banana-prata | D43: 3.05 | E43: Já no app | F43: Banana, prata, crua | G43: 98.25 | H43: 1.27 | I43: 25.96 | J43: 0.07 | K43: 2.04 | L43: 0 | M43: TACO (já no app)
... A87: Hortaliças | B87: 18 | C87: Quiabo | D87: 0.221 | E87: Já no app | F87: Quiabo, cru | G87: 29.94 | H87: 1.92 | I87: 6.37 | J87: 0.3 | K87: 4.55 | L87: 0.89 | M87: TACO (já no app)
A88: Hortaliças | B88: 19 | C88: Cheiro-verde | D88: 0.217 | E88: Já no app | F88: Salsa, crua + Cebolinha, crua (é a mistura das duas) | M88: já no app (equivalente) | N88: Salsa, crua + Cebolinha, crua (é a mistura das duas)
A89: Hortaliças | B89: 20 | C89: Berinjela | D89: 0.167 | E89: Já no app | F89: Berinjela, cozida | G89: 18.85 | H89: 0.68 | I89: 4.47 | J89: 0.15 | K89: 2.52 | L89: 1.33 | M89: TACO (já no app)
A90: Hortaliças | B90: 21 | C90: Couve-brócolis | D90: 0.135 | E90: Já no app | F90: Couve, manteiga, crua | G90: 27.06 | H90: 2.87 | I90: 4.33 | J90: 0.55 | K90: 3.12 | L90: 6.17 | M90: TACO (já no app)
A91: Hortaliças | B91: 22 | C91: Jiló | D91: 0.134 | E91: Já no app | F91: Jiló, cru | G91: 27.37 | H91: 1.4 | I91: 6.19 | J91: 0.22 | K91: 4.83 | L91: 0 | M91: TACO (já no app)
A92: Hortaliças | B92: 23 | C92: Couve-flor | D92: 0.111 | E92: Já no app | F92: Couve-flor, crua | G92: 22.56 | H92: 1.91 | I92: 4.52 | J92: 0.21 | K92: 2.35 | L92: 3.44 | M92: TACO (já no app)
A93: Hortaliças | B93: 24 | C93: Vagem | D93: 0.099 | E93: Já no app | F93: Vagem, crua | G93: 24.9 | H93: 1.79 | I93: 5.35 | J93: 0.17 | K93: 2.38 | L93: 0 | M93: TACO (já no app)
A94: Hortaliças | B94: 25 | C94: Azeitona em conserva | D94: 0.094 | E94: Já no app | F94: Azeitona, preta, conserva | G94: 194.15 | H94: 1.16 | I94: 5.54 | J94: 20.35 | K94: 4.56 | L94: 1566.66 | M94: TACO (já no app)
A95: Hortaliças | B95: 26 | C95: Cará | D95: 0.088 | E95: Já no app | F95: Cará, cozido | G95: 77.58 | H95: 1.53 | I95: 18.85 | J95: 0.11 | K95: 2.63 | L95: 1.01 | M95: TACO (já no app)
A96: Hortaliças | B96: 27 | C96: Batata-aipo | D96: 0.067 | E96: Já no app | F96: Batata, baroa, cozida | G96: 80.12 | H96: 0.85 | I96: 18.95 | J96: 0.17 | K96: 1.76 | L96: 2.1 | M96: TACO (já no app)
A97: Hortaliças | B97: 28 | C97: Maxixe | D97: 0.053 | E97: Já no app | F97: Maxixe, cru | G97: 13.75 | H97: 1.39 | I97: 2.73 | J97: 0.07 | K97: 2.19 | L97: 10.99 | M97: TACO (já no app)
A98: Hortaliças | B98: 29 | C98: Batata-baroa | D98: 0.049 | E98: Já no app | F98: Batata, baroa, cozida | G98: 80.12 | H98: 0.85 | I98: 18.95 | J98: 0.17 | K98: 1.76 | L98: 2.1 | M98: TACO (já no app)
A99: Hortaliças | B99: 30 | C99: Agrião | D99: 0.042 | E99: Já no app | F99: Agrião, cru | G99: 16.58 | H99: 2.69 | I99: 2.25 | J99: 0.24 | K99: 2.14 | L99: 7.46 | M99: TACO (já no app)
A100: Hortaliças | B100: 31 | C100: Acelga | D100: 0.038 | E100: Já no app | F100: Acelga, crua | G100: 20.94 | H100: 1.44 | I100: 4.63 | J100: 0.11 | K100: 1.12 | L100: 1.18 | M100: TACO (já no app)
... A108: Panificados | B108: 8 | C108: Pão caseiro | D108: 0.226 | E108: Já no app | F108: Pão, aveia, forma | G108: 343.09 | H108: 12.35 | I108: 59.57 | J108: 5.69 | K108: 5.98 | L108: 605.76 | M108: TACO (já no app)
A109: Panificados | B109: 9 | C109: Rosca doce | D109: 0.195 | E109: Falta subir | G109: 372 | H109: 6.2 | I109: 50.9 | J109: 16.4 | K109: 2.4 | L109: 304 | M109: USDA (sweet rolls, cinnamon)
A110: Panificados | B110: 10 | C110: Torrada | D110: 0.1 | E110: Já no app | F110: Torrada, pão francês | G110: 377.42 | H110: 10.52 | I110: 74.56 | J110: 3.3 | K110: 3.4 | L110: 829.49 | M110: TACO (já no app)
A111: Panificados | B111: 11 | C111: Pão de forma de padaria | D111: 0.099 | E111: Já no app | F111: Pão, aveia, forma | G111: 343.09 | H111: 12.35 | I111: 59.57 | J111: 5.69 | K111: 5.98 | L111: 605.76 | M111: TACO (já no app)
A112: Panificados | B112: 12 | C112: Pão de milho | D112: 0.06 | E112: Já no app | F112: Pão, milho, forma | G112: 292.01 | H112: 8.3 | I112: 56.4 | J112: 3.11 | K112: 4.3 | L112: 506.64 | M112: TACO (já no app)
A113: Panificados | B113: 13 | C113: Rosca salgada | D113: 0.011 | E113: Já no app | F113: Farinha, de rosca | G113: 370.58 | H113: 11.38 | I113: 75.79 | J113: 1.46 | K113: 4.82 | L113: 332.5 | M113: TACO (já no app)
A114: Aves e ovos | B114: 1 | C114: Frango abatido (inteiro) | D114: 5.974 | E114: Já no app | F114: Frango, asa, com pele, crua | G114: 213.19 | H114: 18.1 | I114: 0 | J114: 15.07 | L114: 96.3 | M114: TACO (já no app)
A115: Aves e ovos | B115: 2 | C115: Ovo de galinha | D115: 3.309 | E115: Já no app | F115: Ovo, de codorna, inteiro, cru | G115: 176.89 | H115: 13.69 | I115: 0.77 | J115: 12.68 | L115: 128.99 | M115: TACO (já no app)
A116: Aves e ovos | B116: 3 | C116: Peito de frango | D116: 2.46 | E116: Já no app | F116: Frango, peito, com pele, assado | G116: 211.68 | H116: 33.42 | I116: 0 | J116: 7.65 | L116: 55.7 | M116: TACO (já no app)
A117: Aves e ovos | B117: 4 | C117: Coxa de frango | D117: 2.074 | E117: Já no app | F117: Frango, coxa, com pele, assada | G117: 215.12 | H117: 28.49 | I117: 0.06 | J117: 10.36 | L117: 94.84 | M117: TACO (já no app)
A118: Aves e ovos | B118: 5 | C118: Asa de frango | D118: 0.61 | E118: Já no app | F118: Frango, asa, com pele, crua | G118: 213.19 | H118: 18.1 | I118: 0 | J118: 15.07 | L118: 96.3 | M118: TACO (já no app)
A119: Aves e ovos | B119: 6 | C119: Miúdos de frango | D119: 0.166 | E119: Falta subir | G119: 124 | H119: 17.9 | I119: 1.8 | J119: 4.47 | K119: 0 | L119: 77 | M119: USDA (chicken giblets, raw)
A120: Aves e ovos | B120: 7 | C120: Frango vivo | D120: 0.107 | E120: Já no app | F120: Frango, asa, com pele, crua | G120: 213.19 | H120: 18.1 | I120: 0 | J120: 15.07 | L120: 96.3 | M120: TACO (já no app)
A121: Aves e ovos | B121: 8 | C121: Peru em cortes | D121: 0.099 | E121: Já no app | F121: Peru, congelado, assado | G121: 163.07 | H121: 26.2 | I121: 0 | J121: 5.68 | L121: 627.88 | M121: TACO (já no app)
A122: Aves e ovos | B122: 9 | C122: Peru abatido | D122: 0.057 | E122: Já no app | F122: Peru, congelado, assado | G122: 163.07 | H122: 26.2 | I122: 0 | J122: 5.68 | L122: 627.88 | M122: TACO (já no app)
A123: Aves e ovos | B123: 10 | C123: Dorso de frango | D123: 0.02 | E123: Já no app | F123: Frango, inteiro, com pele, cru | M123: já no app (equivalente) | N123: Frango, inteiro, com pele, cru
A124: Aves e ovos | B124: 11 | C124: Pato inteiro ou em cortes | D124: 0.019 | E124: Falta subir | G124: 130 | H124: 18.3 | I124: 0.89 | J124: 5.95 | K124: 0 | L124: 74 | M124: TBCA (pato s/ pele, cru)
A125: Carnes | B125: 1 | C125: Linguiça | D125: 2.155 | E125: Já no app | F125: Lingüiça, frango, crua | G125: 218.11 | H125: 14.24 | I125: 0 | J125: 17.44 | L125: 1125.81 | M125: TACO (já no app)
A126: Carnes | B126: 2 | C126: Costela | D126: 1.15 | E126: Já no app | F126: Carne, bovina, contra-filé de costela, cru | G126: 202.44 | H126: 19.8 | I126: 0 | J126: 13.07 | L126: 38.52 | M126: TACO (já no app)
A127: Carnes | B127: 3 | C127: Contrafilé | D127: 0.886 | E127: Já no app | F127: Carne, bovina, capa de contra-filé, com gordura, crua | G127: 216.91 | H127: 19.2 | I127: 0 | J127: 14.96 | L127: 57.54 | M127: TACO (já no app)
A128: Carnes | B128: 4 | C128: Salsicha comum | D128: 0.811 | E128: Já no app | F128: Salsicha, tipo hot dog | G128: 250 | H128: 13 | I128: 2 | J128: 21 | K128: 0 | L128: 900 | M128: adicionado ao app
A129: Carnes | B129: 5 | C129: Acém | D129: 0.684 | E129: Já no app | F129: Carne, bovina, acém, moído, cozido | G129: 212.42 | H129: 26.69 | I129: 0 | J129: 10.92 | L129: 52.36 | M129: TACO (já no app)
A130: Carnes | B130: 6 | C130: Chã-de-dentro | D130: 0.608 | E130: Já no app | F130: Chá, erva-doce, infusão 5% | G130: 1.4 | H130: 0 | I130: 0.39 | J130: 0 | L130: 0.63 | M130: TACO (já no app)
A131: Carnes | B131: 7 | C131: Alcatra | D131: 0.599 | E131: Já no app | F131: Carne, bovina, miolo de alcatra, sem gordura, cru | G131: 162.87 | H131: 21.61 | I131: 0 | J131: 7.83 | L131: 43.05 | M131: TACO (já no app)
A132: Carnes | B132: 8 | C132: Mortadela | D132: 0.581 | E132: Já no app | F132: Mortadela | G132: 268.82 | H132: 11.95 | I132: 5.82 | J132: 21.65 | L132: 1212.17 | M132: TACO (já no app)
A133: Carnes | B133: 9 | C133: Carne moída | D133: 0.53 | E133: Já no app | F133: Carne, bovina, patinho, moída, refogada | G133: 170 | H133: 27 | I133: 0 | J133: 6 | K133: 0 | M133: adicionado ao app
A134: Carnes | B134: 10 | C134: Carré | D134: 0.522 | E134: Já no app | F134: Açúcar, refinado | G134: 386.57 | H134: 0.32 | I134: 99.54 | J134: 0 | L134: 12.16 | M134: TACO (já no app)
A135: Carnes | B135: 11 | C135: Presunto | D135: 0.463 | E135: Já no app | F135: Presunto, com capa de gordura | G135: 127.85 | H135: 14.37 | I135: 1.4 | J135: 6.77 | L135: 1020.77 | M135: TACO (já no app)
A136: Carnes | B136: 12 | C136: Músculo | D136: 0.406 | E136: Já no app | F136: Carne, bovina, músculo, sem gordura, cozido | G136: 193.8 | H136: 31.23 | I136: 0 | J136: 6.7 | L136: 61.79 | M136: TACO (já no app)
A137: Carnes | B137: 13 | C137: Carne-seca | D137: 0.373 | E137: Já no app | F137: Carne, bovina, seca, cozida | G137: 312.8 | H137: 26.93 | I137: 0 | J137: 21.93 | L137: 1943.18 | M137: TACO (já no app)
A138: Carnes | B138: 14 | C138: Pernil | D138: 0.369 | E138: Já no app | F138: Porco, pernil, assado | G138: 262.26 | H138: 32.13 | I138: 0 | J138: 13.86 | L138: 62.41 | M138: TACO (já no app)
A139: Carnes | B139: 15 | C139: Patinho | D139: 0.367 | E139: Já no app | F139: Carne, bovina, patinho, sem gordura, cru | G139: 133.47 | H139: 21.72 | I139: 0 | J139: 4.51 | L139: 49.13 | M139: TACO (já no app)
A140: Carnes | B140: 16 | C140: Costela | D140: 0.358 | E140: Já no app | F140: Carne, bovina, contra-filé de costela, cru | G140: 202.44 | H140: 19.8 | I140: 0 | J140: 13.07 | L140: 38.52 | M140: TACO (já no app)
A141: Carnes | B141: 17 | C141: Pá | D141: 0.355 | E141: Já no app | F141: Bolo, mistura para | G141: 418.63 | H141: 6.16 | I141: 84.71 | J141: 6.13 | K141: 1.7 | L141: 462.88 | M141: TACO (já no app)
A142: Carnes | B142: 18 | C142: Carne moída | D142: 0.336 | E142: Já no app | F142: Carne, bovina, patinho, moída, refogada | G142: 170 | H142: 27 | I142: 0 | J142: 6 | K142: 0 | M142: adicionado ao app
A143: Carnes | B143: 19 | C143: Lagarto comum | D143: 0.225 | E143: Já no app | F143: Carne, bovina, lagarto, cru | M143: já no app (equivalente) | N143: Carne, bovina, lagarto, cru — é o mesmo corte
A144: Carnes | B144: 20 | C144: Peito | D144: 0.201 | E144: Já no app | F144: Carne, bovina, peito, sem gordura, cozido | G144: 338.47 | H144: 22.25 | I144: 0 | J144: 26.99 | L144: 55.71 | M144: TACO (já no app)
A145: Carnes | B145: 21 | C145: Carne de sol | D145: 0.199 | E145: Já no app | F145: Carne, bovina, acém, moído, cozido | G145: 212.42 | H145: 26.69 | I145: 0 | J145: 10.92 | L145: 52.36 | M145: TACO (já no app)
A146: Carnes | B146: 22 | C146: Carne de hambúrger | D146: 0.163 | E146: Já no app | F146: Carne, bovina, acém, moído, cozido | G146: 212.42 | H146: 26.69 | I146: 0 | J146: 10.92 | L146: 52.36 | M146: TACO (já no app)
A147: Carnes | B147: 23 | C147: Toucinho defumado | D147: 0.156 | E147: Já no app | F147: Toucinho, cru | G147: 592.53 | H147: 11.48 | I147: 0 | J147: 60.26 | L147: 49.59 | M147: TACO (já no app)
A148: Carnes | B148: 24 | C148: Capa de filé | D148: 0.155 | E148: Já no app | F148: Carne, bovina, capa de contra-filé, com gordura, crua | G148: 216.91 | H148: 19.2 | I148: 0 | J148: 14.96 | L148: 57.54 | M148: TACO (já no app)
A149: Carnes | B149: 25 | C149: Lombo | D149: 0.146 | E149: Já no app | F149: Porco, lombo, assado | G149: 210.23 | H149: 35.73 | I149: 0 | J149: 6.4 | L149: 38.92 | M149: TACO (já no app)
A150: Carnes | B150: 26 | C150: Filé mignon | D150: 0.118 | E150: Já no app | F150: Porco, filé mignon (lombinho), assado | G150: 143 | H150: 26.2 | I150: 0 | J150: 3.51 | K150: 0 | L150: 57 | M150: adicionado ao app
...

Sheet Para subir
A1: Alimentos que faltam no app, com valor nutricional já pesquisado
A2: Estes são os únicos itens da POF sem equivalente na base. Confira e me diga quais aprova que eu subo.
A4: Grupo (POF) | B4: Produto | C4: kg/pessoa/ano | D4: kcal | E4: Proteína (g) | F4: Carboidrato (g) | G4: Gordura (g) | H4: Fibra (g) | I4: Sódio (mg) | J4: Fonte do valor | K4: Aprovar? (S/N)
A5: Bebidas e infusões | B5: Água mineral | C5: 25.851 | D5: 0 | E5: 0 | F5: 0 | G5: 0 | H5: 0 | I5: 1 | J5: Água — sem valor energético
A6: Panificados | B6: Rosca doce | C6: 0.195 | D6: 372 | E6: 6.2 | F6: 50.9 | G6: 16.4 | H6: 2.4 | I6: 304 | J6: USDA (sweet rolls, cinnamon)
A7: Aves e ovos | B7: Miúdos de frango | C7: 0.166 | D7: 124 | E7: 17.9 | F7: 1.8 | G7: 4.47 | H7: 0 | I7: 77 | J7: USDA (chicken giblets, raw)
A8: Aves e ovos | B8: Pato inteiro ou em cortes | C8: 0.019 | D8: 130 | E8: 18.3 | F8: 0.89 | G8: 5.95 | H8: 0 | I8: 74 | J8: TBCA (pato s/ pele, cru)
A9: Carnes | B9: Paio | C9: 0.009 | D9: 309 | E9: 12 | F9: 0.94 | G9: 28.2 | H9: 0 | I9: 827 | J9: USDA (smoked link sausage, pork) — aproximação
A10: Açúcares, doces e produtos de confeitaria | B10: Sorvete | C10: 0.882 | D10: 210 | E10: 3.5 | F10: 26.6 | G10: 10.1 | H10: 0.93 | I10: 60 | J10: TBCA (conferido: USDA 207/3,5/23,6/11)
A11: Açúcares, doces e produtos de confeitaria | B11: Bombom | C11: 0.153 | D11: 548 | E11: 6.15 | F11: 60.9 | G11: 31.5 | H11: 1.92 | I11: 77.5 | J11: TBCA (bombom chocolate ao leite)
A12: Óleos e gorduras | B12: Banha de porco | C12: 0.082 | D12: 900 | E12: 0 | F12: 0 | G12: 100 | H12: 0 | I12: 0 | J12: TBCA (conferido: USDA 902/100)
A13: Sais e condimentos | B13: Colorau | C13: 0.065 | D13: 318 | E13: 8.67 | F13: 73 | G13: 6.14 | H13: 32.1 | I13: 12.3 | J13: TBCA (colorífico/urucum em pó)
A14: Pescados | B14: Tambaqui fresco | C14: 0.18 | D14: 140 | E14: 19.9 | F14: 0 | G14: 6.67 | H14: 0 | I14: 56.7 | J14: TBCA (tambaqui cru)
A15: Pescados | B15: Curimatã fresco | C15: 0.048 | D15: 148 | E15: 18 | F15: 0 | G15: 8.42 | H15: 0 | I15: 47 | J15: TBCA (corimba/curimatã, filé cru)
A16: Pescados | B16: Tainha fresca | C16: 0.042 | D16: 150 | E16: 25.2 | F16: 0 | G16: 5.5 | H16: 0 | I16: 48.6 | J16: TBCA (tainha, filé cru)
... A18: Pescados | B18: Anchova fresca | C18: 0.012 | D18: 179 | E18: 16.8 | F18: 0 | G18: 12.4 | H18: 0 | I18: 119 | J18: TBCA (anchova, filé fresco)
A20: Amarelo = célula pra você preencher
A21: Não entram aqui 9 itens sem fonte confiável de composição (ver aba Alimentos, linhas em cinza): peixes regionais amazônicos e 'massa de pizza'. Prefiro não cadastrar valor que eu não consiga confirmar.
